,School,City,County
0,Alameda Community Learning Center,Alameda,Alameda County
1,Alameda High School,Alameda,Alameda County
2,Alameda Science and Technology Institute,Alameda,Alameda County
3,Encinal High School,Alameda,Alameda County
4,Island High School,Alameda,Alameda County
5,Albany High School,Albany,Alameda County
6,MacGregor High School,Albany,Alameda County
7,Berkeley High School,Berkeley,Alameda County
8,Castro Valley High School,Castro Valley,Alameda County
9,Redwood Alternative High School,Castro Valley,Alameda County
10,Dublin High School,Dublin,Alameda County
11,Emery Secondary School,Emeryville,Alameda County
12,American High School,Fremont,Alameda County
13,Irvington High School,Fremont,Alameda County
14,John F. Kennedy High School,Fremont,Alameda County
15,Mission San Jose High School,Fremont,Alameda County
16,Washington High School,Fremont,Alameda County
17,Hayward High School,Hayward,Alameda County
18,Mount Eden High School,Hayward,Alameda County
19,Sunset High School,Hayward,Alameda County
20,Tennyson High School,Hayward,Alameda County
21,Granada High School,Livermore,Alameda County
22,Livermore High School,Livermore,Alameda County
23,Conley-Caraballo High School,Hayward,Alameda County
24,James Logan High School,Union City,Alameda County
25,Newark Memorial High School,Newark,Alameda County
26,Bay Area Technology School,Oakland,Alameda County
27,Castlemont Community of Small Schools,Oakland,Alameda County
28,Fremont Federation of High Schools,Oakland,Alameda County
29,McClymonds Educational Complex,Oakland,Alameda County
30,Oakland High School,Oakland,Alameda County
31,Oakland International High School,Oakland,Alameda County
32,Oakland Military Institute,Oakland,Alameda County
33,Oakland School for the Arts,Oakland,Alameda County
34,Oakland Technical High School,Oakland,Alameda County
35,Skyline High School,Oakland,Alameda County
36,University Preparatory Charter Academy,Oakland,Alameda County
37,Millennium High School,Piedmont,Alameda County
38,Piedmont High School,Piedmont,Alameda County
39,Amador Valley High School,Pleasanton,Alameda County
40,Foothill High School,Pleasanton,Alameda County
41,Horizon High School,Pleasanton,Alameda County
42,Village High School,Pleasanton,Alameda County
43,Lincoln High School,San Leandro,Alameda County
44,San Leandro High School,San Leandro,Alameda County
45,Arroyo High School,San Lorenzo,Alameda County
46,San Lorenzo High School,San Lorenzo,Alameda County
47,Schools not administered by Alameda County public school districts,San Lorenzo,Alameda County
48,Roman Catholic Diocese of Oakland,various cities in the East Bay,Alameda County
49,Bishop O'Dowd High School,Oakland,Alameda County
50,Holy Names High School,Oakland,Alameda County
51,Moreau Catholic High School,Hayward,Alameda County
52,St. Elizabeth High School,Oakland,Alameda County
53,St. Joseph Notre Dame High School,Alameda,Alameda County
54,St. Mary's College High School,Albany,Alameda County
55,Alameda Community Learning Center,Alameda,Alameda County
56,Averroes High School,Fremont,Alameda County
57,Chinese Christian Schools,San Leandro,Alameda County
58,The College Preparatory School,Oakland,Alameda County
59,Emery High School,Emeryville,Alameda County
60,Head-Royce School,Oakland,Alameda County
61,Maybeck High School,Berkeley,Alameda County
62,The Quarry Lane School,Dublin,Alameda County
63,Valley Christian School,Dublin,Alameda County
64,Bear Valley High School,Bear Valley,Alpine County
65,Woodfords High School,Markleeville,Alpine County
66,Amador High School,Sutter Creek,Amador County
67,Argonaut High School,Jackson,Amador County
68,Biggs High School,Biggs,Butte County
69,Chico High School,Chico,Butte County
70,Couture High School,Oroville,Butte County
71,Durham High School,Durham,Butte County
72,Gridley High School,Gridley,Butte County
73,Las Plumas High School,Oroville,Butte County
74,Oroville High School,Oroville,Butte County
75,Paradise High School,Paradise,Butte County
76,Pleasant Valley High School,Chico,Butte County
77,Arnold High School,Arnold,Calaveras County
78,Bret Harte Union High School,Angels Camp,Calaveras County
79,Calaveras High School,San Andreas,Calaveras County
80,Copper Cove High School,Copperopolis,Calaveras County
81,Colusa High School,Colusa,Colusa County
82,Maxwell High School,Maxwell,Colusa County
83,Pierce High School,Sudhir,Colusa County
84,Williams High School,Williams,Colusa County
85,Acalanes High School,Lafayette,Contra Costa County
86,Campolindo High School,Moraga,Contra Costa County
87,Las Lomas High School,Walnut Creek,Contra Costa County
88,Miramonte High School,Orinda,Contra Costa County
89,Antioch High School,Antioch,Contra Costa County
90,Deer Valley High School,Antioch,Contra Costa County
91,Dozier-Libbey Medical High School,Antioch,Contra Costa County
92,John Swett High School,Crockett,Contra Costa County
93,Willow High School,Crockett,Contra Costa County
94,Clayton Valley High School,Concord,Contra Costa County
95,College Park High School,Pleasant Hill,Contra Costa County
96,Concord High School,Concord,Contra Costa County
97,Mount Diablo High School,Concord,Contra Costa County
98,Northgate High School,Walnut Creek,Contra Costa County
99,Ygnacio Valley High School,Concord,Contra Costa County
100,De Anza High School,Richmond,Contra Costa County
101,El Cerrito High School,El Cerrito,Contra Costa County
102,Hercules High School,Hercules,Contra Costa County
103,Kennedy High School,Richmond,Contra Costa County
104,Middle College High School,San Pablo,Contra Costa County
105,Pinole Valley High School,Pinole,Contra Costa County
106,Richmond High School,Richmond,Contra Costa County
107,Alhambra High School,Martinez,Contra Costa County
108,The Athenian School,Danville,Contra Costa County
109,Bentley School,Lafayette,Contra Costa County
110,Berean Christian High School,Walnut Creek,Contra Costa County
111,California High School,San Ramon,Contra Costa County
112,Carondelet High School,Concord,Contra Costa County
113,Christ the King Catholic School,Pleasant Hill,Contra Costa County
114,De La Salle High School,Concord,Contra Costa County
115,Delta Christian Junior/Senior High School,Antioch,Contra Costa County
116,Dougherty Valley High School,San Ramon,Contra Costa County
117,El Sobrante Christian School,El Sobrante,Contra Costa County
118,Freedom High School,Oakley,Contra Costa County
119,Heritage High School,Brentwood,Contra Costa County
120,Holden High School,Orinda,Contra Costa County
121,Independence High School,Brentwood,Contra Costa County
122,Liberty High School,Brentwood,Contra Costa County
123,Monte Vista High School,Danville,Contra Costa County
124,Orinda Academy,Orinda,Contra Costa County
125,Pittsburg High School,Pittsburg,Contra Costa County
126,Pleasant Hill Adventist Academy,Pleasant Hill,Contra Costa County
127,Salesian College Preparatory,Richmond,Contra Costa County
128,San Ramon Valley High School,Danville,Contra Costa County
129,Del Norte High School,Crescent City,Del Norte County
130,El Dorado Adventist School,Placerville,El Dorado County
131,El Dorado High School,Placerville,El Dorado County
132,Golden Sierra High School,Garden Valley,El Dorado County
133,Muir Charter School,Placerville,El Dorado County
134,Oak Ridge High School,El Dorado Hills,El Dorado County
135,Ponderosa High School,Shingle Springs,El Dorado County
136,Shenandoah High School,El Dorado,El Dorado County
137,South Tahoe High School,South Lake Tahoe,El Dorado County
138,Union Mine High School,El Dorado,El Dorado County
139,Vista High School,Placerville,El Dorado County
140,Buchanan High School,Clovis,Fresno County
141,Clovis East High School,Clovis,Fresno County
142,Clovis High School,Clovis,Fresno County
143,Clovis North High School,Fresno,Fresno County
144,Clovis West High School,Fresno,Fresno County
145,Bullard High School,Fresno,Fresno County
146,The Center for Advanced Research and Technology,San Lorenzo,Fresno County
147,Erma Duncan Polytechnical High School,Fresno,Fresno County
148,Edison High School,Fresno,Fresno County
149,Fresno High School,Fresno,Fresno County
150,Herbert Hoover High School,Fresno,Fresno County
151,McLane High School,Fresno,Fresno County
152,Roosevelt High School,Fresno,Fresno County
153,Sunnyside High School,Fresno,Fresno County
154,Ambassador Phillip V. Sanchez Public Charter,Fresno (Sunnyside),Fresno County
155,Ambassador Phillip V. Sanchez Public Charter,Fresno (West Shaw),Fresno County
156,Ambassador Phillip V. Sanchez Public Charter,Mendota,Fresno County
157,Ambassador Phillip V. Sanchez Public Charter,Parlier,Fresno County
158,Carter G. Woodson Public Charter School,Fresno,Fresno County
159,Caruthers High School,Caruthers,Fresno County
160,Central High School,Fresno,Fresno County
161,Charter Academy of Ambassador Phillip V. Sanchez,Fresno,Fresno County
162,Coalinga High School,Coalinga,Fresno County
163,Crescent View South Public Charter,Clovis,Fresno County
164,Crescent View South Public Charter,Fresno,Fresno County
165,Crescent View West Public Charter,Fresno,Fresno County
166,Dewolf West High School,Fresno,Fresno County
167,Firebaugh High School,Firebaugh,Fresno County
168,Fowler High School,Fowler,Fresno County
169,Fresno Prep Academy,Fresno,Fresno County
170,Immanuel High School,Reedley,Fresno County
171,Kerman High School,Kerman,Fresno County
172,Kingsburg High School,Kingsburg,Fresno County
173,Laton High School,Laton,Fresno County
174,Mendota High School,Mendota,Fresno County
175,New Millennium Charter School,Fresno,Fresno County
176,Parlier High School,Parlier,Fresno County
177,Reedley High School,Reedley,Fresno County
178,Riverdale High School,Riverdale,Fresno County
179,San Joaquin Memorial High School,Fresno,Fresno County
180,Sanger High School,Sanger,Fresno County
181,School of Unlimited Learning,Fresno,Fresno County
182,Selma High School,Selma,Fresno County
183,Sierra High School,Tollhouse,Fresno County
184,Tranquillity High School,Tranquility,Fresno County
185,University High School,Fresno,Fresno County
186,Washington Union High School,Fresno,Fresno County
187,Elk Creek Junior-Senior High School,Elk Creek,Glenn County
188,Hamilton Union High School,Hamilton City,Glenn County
189,Orland High School,Orland,Glenn County
190,Princeton Junior-Senior High School,Princeton,Glenn County
191,Willows High School,Willows,Glenn County
192,Academy of the Redwoods Early college high school,Fortuna,Humboldt County
193,Arcata High School,Arcata,Humboldt County
194,Eureka High School,Eureka,Humboldt County
195,Ferndale High School,Ferndale,Humboldt County
196,Fortuna Union High School,Fortuna,Humboldt County
197,Hoopa Valley High School,Hoopa,Humboldt County
198,Humboldt Bay High School,Eureka,Humboldt County
199,Mattole Triple Junction High School,Petrolia,Humboldt County
200,McKinleyville High School,McKinleyville,Humboldt County
201,St. Bernard's High School,Eureka,Humboldt County
202,South Fork High School,Miranda,Humboldt County
203,Brawley,Brawley,Imperial County
204,Brawley Union High School,Brawley,Imperial County
205,Calexico High School,Calexico,Imperial County
206,Calipatria High School,Calipatria,Imperial County
207,Central Union High School,El Centro,Imperial County
208,De Anza High School,Calexico,Imperial County
209,Desert Valley High School,Brawley,Imperial County
210,Holtville High School,Holtville,Imperial County
211,Imperial High School,Imperial,Imperial County
212,San Pasqual Valley High School,Winterhaven,Imperial County
213,Southwest High School,El Centro,Imperial County
214,Vincent Memorial High School,Calexico,Imperial County
215,West Shores High School,Salton City,Imperial County
216,Big Pine High School,Big Pine,Inyo County
217,Bishop High School,Bishop,Inyo County
218,Death Valley Academy,Shoshone,Inyo County
219,Lone Pine High School,Lone Pine,Inyo County
220,Owens Valley High School,Independence,Inyo County
221,Arvin High School,Arvin,Kern County
222,Bakersfield Christian High School,Bakersfield,Kern County
223,Bakersfield High School,Bakersfield,Kern County
224,Boron Junior-Senior High School,Boron,Kern County
225,Burroughs High School,Ridgecrest,Kern County
226,Centennial High School,Bakersfield,Kern County
227,Central Valley High School,Bakersfield,Kern County
228,Cesar E. Chavez High School,Delano,Kern County
229,Delano High School,Delano,Kern County
230,Desert Junior/Senior High School,Edwards,Kern County
231,East Bakersfield High School,Bakersfield,Kern County
232,Foothill High School,Bakersfield,Kern County
233,Frazier Mountain High School,Lebec,Kern County
234,Frontier High School,Bakersfield,Kern County
235,Garces Memorial High School,Bakersfield,Kern County
236,Golden Valley High School,Bakersfield,Kern County
237,Highland High School,Bakersfield,Kern County
238,Independence High School,Bakersfield,Kern County
239,Kern Valley High School,Lake Isabella,Kern County
240,Liberty High School,Bakersfield,Kern County
241,Maricopa High School,Maricopa,Kern County
242,McFarland High School,McFarland,Kern County
243,Mira Monte High School,Bakersfield,Kern County
244,Mojave High School 1954,Mojave,Kern County
245,North High School,San Lorenzo,Kern County
246,Ridgeview High School,Bakersfield,Kern County
247,Robert F. Kennedy High School,Delano,Kern County
248,Rosamond High School,Rosamond,Kern County
249,Shafter High School,Shafter,Kern County
250,South High School,Bakersfield,Kern County
251,Stockdale High School,Bakersfield,Kern County
252,Taft Union High School,Taft,Kern County
253,Tehachapi High School,Tehachapi,Kern County
254,Wasco High School,Wasco,Kern County
255,West High School,Bakersfield,Kern County
256,Avenal High School,Avenal,Kings County
257,Corcoran High School,Corcoran,Kings County
258,Crescent Valley Public Charter,Hanford,Kings County
259,Hanford High School,Hanford,Kings County
260,Hanford West High School,Hanford,Kings County
261,Earl F. Johnson Continuation School,Hanford,Kings County
262,Kings Community School,Hanford,Kings County
263,Lemoore High School,Lemoore,Kings County
264,Sierra Pacific High School,Hanford,Kings County
265,Armona Union Academy,Armona,Kings County
266,Clear Lake High School,Lakeport,Lake County
267,Intermountain High School,Cobb,Lake County
268,Kelseyville High School,Kelseyville,Lake County
269,Lower Lake High School,Lower Lake,Lake County
270,Middletown High School,Middletown,Lake County
271,Upper Lake High School,Upper Lake,Lake County
272,Big Valley High School,Bieber,Lassen County
273,Herlong High School,Herlong,Lassen County
274,Lassen High School,Susanville,Lassen County
275,Westwood High School,Westwood,Lassen County
276,Chowchilla High School,Chowchilla,Madera County
277,Evergreen High School,Oakhurst,Madera County
278,Glacier Charter High School,Oakhurst,Madera County
279,Madera High School,Madera,Madera County
280,Madera South High School,Madera,Madera County
281,Minarets High School,O'Neals,Madera County
282,Mountain Oaks High School,North Fork,Madera County
283,Pioneer Technical Center,Madera,Madera County
284,Yosemite High School,Oakhurst,Madera County
285,The Branson School,Ross,Marin County
286,Marin Academy,San Rafael,Marin County
287,Marin Catholic High School,Kentfield,Marin County
288,Marin Oaks High School,Novato,Marin County
289,North Bay Christian Academy,Novato,Marin County
290,Novato High School,Novato,Marin County
291,Redwood High School,Larkspur,Marin County
292,San Domenico School,San Anselmo,Marin County
293,San Marin High School,Novato,Marin County
294,San Rafael High School,San Rafael,Marin County
295,Sir Francis Drake High School,San Anselmo,Marin County
296,Tamalpais High School,Mill Valley,Marin County
297,Terra Linda High School,San Rafael,Marin County
298,Tomales High School,Tomales,Marin County
299,Coulterville High School,Coulterville,Mariposa County
300,Mariposa County High School,Mariposa,Mariposa County
301,Yosemite Park High School,Yosemite,Mariposa County
302,Anderson Valley Junior-Senior High School,Boonville,Mendocino County
303,Developing Virtue Secondary School,Ukiah,Mendocino County
304,Fort Bragg High School,Fort Bragg,Mendocino County
305,Laytonville High School,Laytonville,Mendocino County
306,Leggett Valley High School,Leggett,Mendocino County
307,Mendocino High School,Mendocino,Mendocino County
308,Pacific Community Charter High School,Point Arena,Mendocino County
309,Point Arena High School,Point Arena,Mendocino County
310,Potter Valley High School,Potter Valley,Mendocino County
311,Redwood Academy of Ukiah,Ukiah,Mendocino County
312,Round Valley High School,Covelo,Mendocino County
313,South Coast High School,Point Arena,Mendocino County
314,Ukiah High School,Ukiah,Mendocino County
315,Whale Gulch High School,Whitethorn,Mendocino County
316,Willits Charter School,Willits,Mendocino County
317,Willits High School,Willits,Mendocino County
318,Yokayo Valley Charter High School,Ukiah,Mendocino County
319,Atwater High School,Atwater,Merced County
320,Buhach Colony High School,Atwater,Merced County
321,Delhi High School,Delhi,Merced County
322,Dos Palos High School,Dos Palos,Merced County
323,Golden Valley High School,Merced,Merced County
324,Gustine High School,Gustine,Merced County
325,Hilmar High School,Hilmar,Merced County
326,Le Grand High School,Le Grand,Merced County
327,Livingston High School,Livingston,Merced County
328,Los Banos High School,Los Banos,Merced County
329,Merced High School,Merced,Merced County
330,Pacheco High School,Los Banos,Merced County
331,Stone Ridge Christian High School,Merced,Merced County
332,Valley High School,Atwater,Merced County
333,Valley High School,Los Banos,Merced County
334,Valley High School,Merced,Merced County
335,Great Basin High School,Cedarville,Modoc County
336,Modoc High School,Alturas,Modoc County
337,Surprise Valley High School,Cedarville,Modoc County
338,Warner High School,Alturas,Modoc County
339,Coleville High School,Coleville,Mono County
340,Eastern Sierra Academy,Bridgeport,Mono County
341,Lee Vining High School,Lee Vining,Mono County
342,Mammoth High School,Mammoth Lakes,Mono County
343,Greenfield High School,Greenfield,Monterey County
344,King City High School,King City,Monterey County
345,Central Coast High School,Seaside,Monterey County
346,Marina High School,Marina,Monterey County
347,Monterey High School,Monterey,Monterey County
348,Seaside High School,Seaside,Monterey County
349,North Monterey County High School,Castroville,Monterey County
350,Pacific Grove High School,Pacific Grove,Monterey County
351,Alisal High School,Salinas,Monterey County
352,Everett Alvarez High School,Salinas,Monterey County
353,North Salinas High School,Salinas,Monterey County
354,Salinas High School,Salinas,Monterey County
355,Carmel High School,Carmel,Monterey County
356,Cypress Grove Charter High School for Arts and Science,Carmel (closed in 2006),Monterey County
357,Gonzales High School,Gonzales,Monterey County
358,Notre Dame High School,Salinas,Monterey County
359,Palma School,Salinas,Monterey County
360,Santa Catalina School,Monterey,Monterey County
361,Soledad High School,Soledad,Monterey County
362,Stevenson School,Pebble Beach,Monterey County
363,Trinity Christian High School,Monterey,Monterey County
364,York School,Monterey,Monterey County
365,American Canyon High School,American Canyon,Napa County
366,Calistoga High School,Calistoga,Napa County
367,Justin-Siena High School,Napa,Napa County
368,Napa High School,Napa,Napa County
369,New Technology High School,Napa,Napa County
370,Pacific Union College Prep School,Angwin,Napa County
371,St. Helena High School,St. Helena,Napa County
372,Valley Oak High School,Napa,Napa County
373,Vintage High School,Napa,Napa County
374,Bear River High School,Grass Valley,Nevada County
375,Bitney College Preparatory High School,Grass Valley,Nevada County
376,Ghidotti Early College High School,Grass Valley,Nevada County
377,Nevada Union High School,Grass Valley,Nevada County
378,Sierra Mountain High School,Grass Valley,Nevada County
379,Tahoe-Truckee High School,Truckee,Nevada County
380,Anaheim High School,Anaheim,Orange County
381,Katella High School,Anaheim,Orange County
382,John F. Kennedy High School,La Palma,Orange County
383,Loara High School,Anaheim,Orange County
384,Cypress High School,Cypress,Orange County
385,Oxford Academy,Cypress,Orange County
386,Magnolia High School,Anaheim,Orange County
387,Savanna High School,Anaheim,Orange County
388,Western High School,Anaheim,Orange County
389,Brea Canyon Alternative High School,Brea,Orange County
390,Brea Olinda High School,Brea,Orange County
391,Aliso Niguel High School,Aliso Viejo,Orange County
392,Capistrano Valley High School,Mission Viejo,Orange County
393,Dana Hills High School,Dana Point,Orange County
394,San Juan Hills High School,San Juan Capistrano,Orange County
395,San Clemente High School,San Clemente,Orange County
396,Tesoro High School,Rancho Santa Margarita,Orange County
397,Fred Newhart Middle School,Mission Viejo,Orange County
398,Fullerton Union High School,Fullerton,Orange County
399,La Vista High School,Fullerton,Orange County
400,Sunny Hills High School,Fullerton,Orange County
401,Troy High School,Fullerton,Orange County
402,Buena Park High School,Buena Park,Orange County
403,La Habra High School,La Habra,Orange County
404,Sonora High School,La Habra,Orange County
405,Garden Grove High School,Garden Grove,Orange County
406,Pacifica High School,Garden Grove,Orange County
407,Rancho Alamitos High School,Garden Grove,Orange County
408,Santiago High School,Garden Grove,Orange County
409,Bolsa Grande High School,Garden Grove,Orange County
410,La Quinta High School,Westminster,Orange County
411,Los Amigos High School,Fountain Valley,Orange County
412,Edison High School,Huntington Beach,Orange County
413,Huntington Beach High School,Huntington Beach,Orange County
414,Marina High School,Huntington Beach,Orange County
415,Ocean View High School,Huntington Beach,Orange County
416,Westminster High School,Westminster,Orange County
417,Fountain Valley High School,Fountain Valley,Orange County
418,Irvine High School,Irvine,Orange County
419,Northwood High School,Irvine,Orange County
420,Portola High School,Irvine,Orange County
421,University High School,Irvine,Orange County
422,Woodbridge High School,Irvine,Orange County
423,Laguna Beach High School,Laguna Beach,Orange County
424,Los Alamitos High School,Los Alamitos,Orange County
425,Corona del Mar High School,Newport Beach,Orange County
426,Costa Mesa High School,Costa Mesa,Orange County
427,Estancia High School,Costa Mesa,Orange County
428,Early College High School,Costa Mesa,Orange County
429,Newport Harbor High School,Newport Beach,Orange County
430,El Modena High School,Orange,Orange County
431,Orange High School,Orange,Orange County
432,Villa Park High School,Villa Park,Orange County
433,Richland Continuation High School,Orange,Orange County
434,Canyon High School,Anaheim,Orange County
435,El Camino High School,Placentia,Orange County
436,El Dorado High School,Placentia,Orange County
437,Valencia High School,Placentia,Orange County
438,Esperanza High School,Anaheim,Orange County
439,Yorba Linda High School,Yorba Linda,Orange County
440,El Toro High School,Lake Forest,Orange County
441,Laguna Hills High School,Laguna Hills,Orange County
442,Mission Viejo High School,Mission Viejo,Orange County
443,Silverado High School,Mission Viejo,Orange County
444,Trabuco Hills High School,Mission Viejo,Orange County
445,Albor Charter School,Santa Ana,Orange County
446,Century High School,Santa Ana,Orange County
447,Cesar Chavez High School,Santa Ana,Orange County
448,Godinez Fundamental High School,Santa Ana,Orange County
449,Lorin Griset Academy,Santa Ana,Orange County
450,Middle College High School,Santa Ana,Orange County
451,Orange County High School of the Arts,Santa Ana,Orange County
452,Saddleback High School,Santa Ana,Orange County
453,Santa Ana High School,Santa Ana,Orange County
454,Segerstrom Fundamental High School,Santa Ana,Orange County
455,Valley High School,Santa Ana,Orange County
456,Arnold O. Beckman High School,Tustin,Orange County
457,Foothill High School,North Tustin,Orange County
458,Hillview High School,California),Orange County
459,Tustin High School,Tustin,Orange County
460,Bishop Amat Memorial High School,La Puente,Diocesan
461,Mater Dei High School,Santa Ana,Diocesan
462,Rosary High School,Fullerton,Diocesan
463,Santa Margarita Catholic High School,Rancho Santa Margarita,Diocesan
464,Cornelia Connelly High School,Anaheim,Independent
465,Padre Pio Academy,Garden Grove,Independent
466,JSerra Catholic High School,San Juan Capistrano,Independent
467,St. Michael's Preparatory School,Silverado,Independent
468,Servite High School,Anaheim,Independent
469,Orangewood Academy[1],San Lorenzo,7th Day Adventist
470,Brethren Christian Junior/Senior High School,Huntington Beach,Non-denominational
471,Capistrano Valley Christian Schools,San Juan Capistrano,Non-denominational
472,Calvary Chapel High School,Santa Ana,Non-denominational
473,Crystal Cathedral High School,Garden Grove,Non-denominational
474,Saddleback Valley Christian School,San Juan Capistrano,Non-denominational
475,Spirit Christian Academy,Tustin,Non-denominational
476,Whittier Christian High School,La Habra,Non-denominational
477,Grace OC Academy,Anaheim,Non-denominational
478,St. Margaret's Episcopal School,San Lorenzo,Episcopal
479,Crean Lutheran High School,Irvine,Lutheran
480,Lutheran High School of Orange County,Orange,Lutheran
481,Acaciawood Preparatory Academy,Anaheim,Nonsectarian
482,Alton School,Cypress,Nonsectarian
483,Eldorado-Emerson,Orange,Nonsectarian
484,Fairmont Preparatory Academy,Anaheim,Nonsectarian
485,Florence Crittenton School,Fullerton,Nonsectarian
486,Fusion Academy & Learning Center,Huntington Beach,Nonsectarian
487,Fusion Academy & Learning Center,Mission Viejo,Nonsectarian
488,Halstrom High School,Mission Viejo,Nonsectarian
489,Sage Hill School,Newport Beach,Nonsectarian
490,Silverleaf Academy,Mission Viejo,Nonsectarian
491,Desert Sands Charter High School,Anaheim,Nonsectarian
492,Desert Sands Charter High School,Garden Grove,Nonsectarian
493,Desert Sands Charter High School,Santa Ana,Nonsectarian
494,Colfax High School,Colfax,Placer County
495,Del Oro High School,Loomis,Placer County
496,Forest Lake Christian High School,Auburn,Placer County
497,Foresthill High School,Foresthill,Placer County
498,Granite Bay High School,Granite Bay,Placer County
499,Horizon Charter School,Lincoln,Placer County
500,Lincoln High School,Lincoln,Placer County
501,North Tahoe High School,Tahoe City,Placer County
502,Oakmont High School,Roseville,Placer County
503,Pine Hills Adventist Academy,Auburn,Placer County
504,Placer High School,Auburn,Placer County
505,Rocklin High School,Rocklin,Placer County
506,Roseville High School,Roseville,Placer County
507,Sierra Christian High School,Rocklin,Placer County
508,Squaw Valley Academy,Squaw Valley,Placer County
509,Whitney High School,Rocklin,Placer County
510,Woodcreek High School,Roseville,Placer County
511,Western Sierra Collegiate Academy,Rocklin,Placer County
512,Chester High School,Chester,Plumas County
513,Greenville Junior-Senior High School,Greenville,Plumas County
514,Pine Hills Adventist School,San Lorenzo,Plumas County
515,Portola High School,Portola,Plumas County
516,Quincy High School,Quincy,Plumas County
517,Amistad High School,Indio,Riverside County
518,Arlington High School,Riverside,Riverside County
519,Banning High School,Banning,Riverside County
520,Beaumont High School,Beaumont,Riverside County
521,California Lutheran High School,Wildomar,Riverside County
522,Calvary Chapel Christian School,Murrieta,Riverside County
523,Canyon Springs High School,Moreno Valley,Riverside County
524,Cathedral City High School,Cathedral City,Riverside County
525,Centennial High School,Corona,Riverside County
526,Chaparral High School,Temecula,Riverside County
527,Christian School of the Desert,Bermuda Dunes,Riverside County
528,Citrus Hill High School,Perris,Riverside County
529,Coachella Valley High School,Thermal,Riverside County
530,Corona High School,Corona,Riverside County
531,Desert Adventist Academy,Desert Hot Springs,Riverside County
532,Desert Chapel High School,Palm Springs,Riverside County
533,Desert Hot Springs High School,Desert Hot Springs,Riverside County
534,Desert Mirage High School,Thermal,Riverside County
535,Eagle Mountain,Desert Center,Riverside County
536,Eleanor Roosevelt High School Eastvale,San Lorenzo,Riverside County
537,Elsinore High School,Wildomar,Riverside County
538,Grace Chapel of the Desert School,Indio,Riverside County
539,Great Oak High School,Temecula,Riverside County
540,Hamilton High School,Anza,Riverside County
541,Hemet Academy of Applied Academics and Technology,Hemet,Riverside County
542,Hemet High School,Hemet,Riverside County
543,Heritage High School,Menifee,Riverside County
544,Idyllwild Arts Academy,Idyllwild,Riverside County
545,Indio High School,Indio,Riverside County
546,John F. Kennedy Middle College High School,Norco,Riverside County
547,John W. North High School,Riverside,Riverside County
548,Jurupa Valley High School,Jurupa Valley,Riverside County
549,La Familia High School,Thermal,Riverside County
550,La Quinta High School,La Quinta,Riverside County
551,La Sierra Adventist Academy,Riverside,Riverside County
552,La Sierra High School,Riverside,Riverside County
553,Lakeside High School,Lake Elsinore,Riverside County
554,Lee Pollard High School,Corona,Riverside County
555,Linfield Christian School,Temecula,Riverside County
556,Martin Luther King Jr. High School,Riverside,Riverside County
557,Mater Dei High School,Mecca,Riverside County
558,Mesa Grande Academy,Calimesa,Riverside County
559,Mojave Desert,Desert Hot Springs,Riverside County
560,Mount San Jacinto High School,Cathedral City,Riverside County
561,Moreno Valley High School,Moreno Valley,Riverside County
562,Murrieta Mesa High School,Murrieta,Riverside County
563,Murrieta Valley High School,Murrieta,Riverside County
564,Norco High School,Norco,Riverside County
565,Norte Vista High School,Riverside,Riverside County
566,Notre Dame Catholic High School,Riverside,Riverside County
567,Nuview Bridge Academy,Nuevo,Riverside County
568,Orange Grove High School,Corona,Riverside County
569,Palm Desert High School,Palm Desert,Riverside County
570,Palm Springs High School,Palm Springs,Riverside County
571,Palm Valley High School,Rancho Mirage,Riverside County
572,Palo Verde Valley High School,Blythe,Riverside County
573,Paloma Valley High School,Menifee,Riverside County
574,Patriot High School,Riverside,Riverside County
575,Perris High School,Perris,Riverside County
576,Quadrille Academy,Indio,Riverside County
577,Polytechnic High School,Riverside,Riverside County
578,Ramona High School,Riverside,Riverside County
579,Rancho Christian School,Temecula[2],Riverside County
580,Rancho Mirage High School,Rancho Mirage [3],Riverside County
581,Rancho Verde High School,Moreno Valley,Riverside County
582,River Springs Charter School,County wide charter school,Riverside County
583,Rubidoux High School,Riverside,Riverside County
584,San Gorgonio,Cabazon,Riverside County
585,San Jacinto Senior High School,San Jacinto,Riverside County
586,Santiago High School,Corona,Riverside County
587,Seaview High School,Thermal/Mecca,Riverside County
588,Shadow Hills High School,Indio,Riverside County
589,Sherman Indian High School,Riverside,Riverside County
590,Southwest Educational Center,Wildomar,Riverside County
591,Summit High School,La Quinta,Riverside County
592,Sunnymead High School,Moreno Valley,Riverside County
593,Tahquitz High School,Hemet,Riverside County
594,Temecula Preparatory School,French Valley,Riverside County
595,Temecula Valley High School,Temecula,Riverside County
596,Temescal Canyon High School,Lake Elsinore,Riverside County
597,The Ranch Academy,1000 Palms,Riverside County
598,Val Verde High School,Perris,Riverside County
599,Valley View High School,Moreno Valley,Riverside County
600,Vista Calimesa High School,Calimesa/Yucaipa,Riverside County
601,Vista del Lago High School,Moreno Valley,Riverside County
602,Vista Murrieta High School,Murrieta,Riverside County
603,West Shores High School,Salton City/Mecca,Riverside County
604,West Valley High School,Hemet,Riverside County
605,Woodcrest Christian School,Riverside,Riverside County
606,Xavier College Preparatory,Palm Desert,Riverside County
607,Calvine High School,Sacramento,">C. K. McClatchy High School, Sacramento"
608,Casa Roble High School,Orangevale,">C. K. McClatchy High School, Sacramento"
609,Center High School,Antelope,">C. K. McClatchy High School, Sacramento"
610,Christian Brothers High School,Central Sacramento,">C. K. McClatchy High School, Sacramento"
611,Cordova High School,Rancho Cordova,">C. K. McClatchy High School, Sacramento"
612,Cosumnes Oaks High School,Elk Grove,">C. K. McClatchy High School, Sacramento"
613,Del Campo High School,Fair Oaks,">C. K. McClatchy High School, Sacramento"
614,East Anthwood Angles High School,East Sacramento,">C. K. McClatchy High School, Sacramento"
615,East Side High School,East Sacramento,">C. K. McClatchy High School, Sacramento"
616,El Camino Fundamental High School,Sacramento,">C. K. McClatchy High School, Sacramento"
617,Elk Grove Charter School,Elk Grove,">C. K. McClatchy High School, Sacramento"
618,Elk Grove High School,Elk Grove,">C. K. McClatchy High School, Sacramento"
619,Encina High School,Sacramento,">C. K. McClatchy High School, Sacramento"
620,Florin High School,South Sacramento,">C. K. McClatchy High School, Sacramento"
621,Folsom High School,Folsom,">C. K. McClatchy High School, Sacramento"
622,Foothill High School,Sacramento,">C. K. McClatchy High School, Sacramento"
623,Franklin D. Roosevelt School,Sacramento,">C. K. McClatchy High School, Sacramento"
624,Franklin High School,Elk Grove,">C. K. McClatchy High School, Sacramento"
625,Galt High School,Galt,">C. K. McClatchy High School, Sacramento"
626,Grant Union High School,North Sacramento,">C. K. McClatchy High School, Sacramento"
627,Golden Valley Charter School,San Lorenzo,">C. K. McClatchy High School, Sacramento"
628,Highlands High School,North Highlands,">C. K. McClatchy High School, Sacramento"
629,Hiram W. Johnson High School,Sacramento,">C. K. McClatchy High School, Sacramento"
630,Inderkum High School,Sacramento,">C. K. McClatchy High School, Sacramento"
631,Jane Lathrop School,Carmichael,">C. K. McClatchy High School, Sacramento"
632,Jesuit High School of Sacramento,Carmichael,">C. K. McClatchy High School, Sacramento"
633,John F. Kennedy High School,South Sacramento,">C. K. McClatchy High School, Sacramento"
634,K. Robinson Anthwood Continuation High School,East Sacramento,">C. K. McClatchy High School, Sacramento"
635,Laguna Creek High School,Elk Grove,">C. K. McClatchy High School, Sacramento"
636,Lexington Union High School,Central Sacramento,">C. K. McClatchy High School, Sacramento"
637,Loretto High School,Sacramento,">C. K. McClatchy High School, Sacramento"
638,Luther Burbank High School,Sacramento,">C. K. McClatchy High School, Sacramento"
639,Lutheran School,Sacramento,">C. K. McClatchy High School, Sacramento"
640,Mesa Verde High School,Citrus Heights,">C. K. McClatchy High School, Sacramento"
641,Mira Loma High School,Sacramento,">C. K. McClatchy High School, Sacramento"
642,Monterey Trail High School,Elk Grove,">C. K. McClatchy High School, Sacramento"
643,Natomas Charter School,Sacramento,">C. K. McClatchy High School, Sacramento"
644,Natomas High School,Sacramento,">C. K. McClatchy High School, Sacramento"
645,Pleasant Grove High School,[4] Elk Grove,">C. K. McClatchy High School, Sacramento"
646,Rio Americano High School,Sacramento,">C. K. McClatchy High School, Sacramento"
647,Rio Linda High School,Rio Linda,">C. K. McClatchy High School, Sacramento"
648,River Valley School,Sacramento,">C. K. McClatchy High School, Sacramento"
649,Rochester High School,East Sacramento,">C. K. McClatchy High School, Sacramento"
650,Rosemont High School,Sacramento,">C. K. McClatchy High School, Sacramento"
651,Sacramento Adventist Academy,Sacramento,">C. K. McClatchy High School, Sacramento"
652,Sacramento Country Day School,Sacramento,">C. K. McClatchy High School, Sacramento"
653,Sacramento High School,Sacramento,">C. K. McClatchy High School, Sacramento"
654,Sacramento New Technology High School,Sacramento,">C. K. McClatchy High School, Sacramento"
655,Sacramento Preparatory Academy,Sacramento,">C. K. McClatchy High School, Sacramento"
656,Sacramento Valley School,Sacramento,">C. K. McClatchy High School, Sacramento"
657,Sacramento Waldorf School,Fair Oaks,">C. K. McClatchy High School, Sacramento"
658,St. Francis High School,Sacramento,">C. K. McClatchy High School, Sacramento"
659,San Juan High School,Citrus Heights,">C. K. McClatchy High School, Sacramento"
660,Sheldon High School,Sacramento,">C. K. McClatchy High School, Sacramento"
661,Tahaloma High School,Citrus Heights,">C. K. McClatchy High School, Sacramento"
662,Upper Valley High School,East Sacramento,">C. K. McClatchy High School, Sacramento"
663,Valley High School,South Sacramento,">C. K. McClatchy High School, Sacramento"
664,Valley Oak Academy - Mariposa,Citrus Heights,">C. K. McClatchy High School, Sacramento"
665,Victory Christian High School,Carmichael,">C. K. McClatchy High School, Sacramento"
666,Vista del Lago High School,Folsom,">C. K. McClatchy High School, Sacramento"
667,Vista Nueva Career & Technology High School,Sacramento,">C. K. McClatchy High School, Sacramento"
668,West Campus High School,West Sacramento,">C. K. McClatchy High School, Sacramento"
669,West Heights High School,West Sacramento,">C. K. McClatchy High School, Sacramento"
670,Wizbin High School,East Sacramento,">C. K. McClatchy High School, Sacramento"
671,Anzar High School,San Juan Bautista,San Benito County
672,San Benito High School,Hollister,San Benito County
673,Alta Vista Public Charter,Adelanto,San Bernardino County
674,Alta Vista Public Charter,Apple Valley,San Bernardino County
675,Alta Vista Public Charter,Hesperia,San Bernardino County
676,Alta Vista Public Charter,San Bernardino,San Bernardino County
677,Alta Vista South Public Charter,Highland,San Bernardino County
678,Apple Valley High School,Apple Valley,San Bernardino County
679,Granite Hills High School,Apple Valley,San Bernardino County
680,Barstow High School,San Lorenzo,San Bernardino County
681,Central High Continuation School,San Lorenzo,San Bernardino County
682,Big Bear High School,Big Bear City,San Bernardino County
683,Big Bear STEM School,Big Bear City,San Bernardino County
684,Chataqua High School,Big Bear City,San Bernardino County
685,Big River School,Big River (county),San Bernardino County
686,Alta Loma High School,San Lorenzo,San Bernardino County
687,Canyon View High School,San Lorenzo,San Bernardino County
688,Chaffey Adult School,San Lorenzo,San Bernardino County
689,Chaffey High School,San Lorenzo,San Bernardino County
690,Colony High School,San Lorenzo,San Bernardino County
691,Etiwanda High School,San Lorenzo,San Bernardino County
692,Los Osos High School,San Lorenzo,San Bernardino County
693,Montclair High School,San Lorenzo,San Bernardino County
694,Ontario High School,San Lorenzo,San Bernardino County
695,Rancho Cucamonga High School,San Lorenzo,San Bernardino County
696,Valley View High School,Ontario,San Bernardino County
697,Chino High School,Chino,San Bernardino County
698,Chino Hills High School,Chino Hills,San Bernardino County
699,Don Antonio Lugo High School,San Lorenzo,San Bernardino County
700,Ruben S. Ayala High School,Chino Hills,San Bernardino County
701,Bloomington High School,Bloomington,San Bernardino County
702,Colton High School,Colton,San Bernardino County
703,Grand Terrace High School,Grand Terrace,San Bernardino County
704,Slover Mountain High School,Colton,San Bernardino County
705,Washington Alternative High School,Colton,San Bernardino County
706,Desert Sands Charter High School,Fontana,San Bernardino County
707,Desert Sands Charter High School,Rialto,San Bernardino County
708,A. B. Miller High School,Fontana,San Bernardino County
709,Fontana High School,Fontana,San Bernardino County
710,Henry J. Kaiser High School,Fontana,San Bernardino County
711,Jurupa Hills High School,Fontana,San Bernardino County
712,Summit High School,Fontana,San Bernardino County
713,Hesperia High School,Hesperia,San Bernardino County
714,Sultana High School,Hesperia,San Bernardino County
715,Mojave Desert Public School,Amboy,San Bernardino County
716,Twentynine Palms High School,Twentynine Palms,San Bernardino County
717,Yucca Valley High School,Yucca Valley,San Bernardino County
718,Black Rock High School,Joshua Tree,San Bernardino County
719,Needles High School,San Lorenzo,San Bernardino County
720,The Grove School,San Lorenzo,San Bernardino County
721,Orangewood Contintuation High School,San Lorenzo,San Bernardino County
722,Redlands Citrus Valley High School,San Lorenzo,San Bernardino County
723,Redlands East Valley High School,San Lorenzo,San Bernardino County
724,Redlands High School,San Lorenzo,San Bernardino County
725,Doctor John H Milor High School,Rialto,San Bernardino County
726,Dwight D. Eisenhower High School,Rialto,San Bernardino County
727,Rialto High School,Rialto,San Bernardino County
728,Wilmer Amina Carter High School,Rialto,San Bernardino County
729,Zupanic High School,Rialto,San Bernardino County
730,Rim of the World High School,Lake Arrowhead,San Bernardino County
731,Arroyo Valley High School,San Lorenzo,San Bernardino County
732,Cajon High School,San Lorenzo,San Bernardino County
733,Pacific High School,San Lorenzo,San Bernardino County
734,San Andreas High School,San Lorenzo,San Bernardino County
735,San Bernardino High School,San Lorenzo,San Bernardino County
736,San Gorgonio High School,San Lorenzo,San Bernardino County
737,Sierra High School,San Lorenzo,San Bernardino County
738,Silver Valley High School,Yermo,San Bernardino County
739,Chaparral High School,Phelan,San Bernardino County
740,Serrano High School,San Lorenzo,San Bernardino County
741,Upland High School,San Lorenzo,San Bernardino County
742,Adelanto High School,Adelanto,San Bernardino County
743,Maverick High School,Victorville,San Bernardino County
744,Silverado High School,Victorville,San Bernardino County
745,Victor Valley High School,Victorville,San Bernardino County
746,Vista Calimesa High School,Yucaipa/Calimesa,San Bernardino County
747,Yucaipa High School,Yucaipa,San Bernardino County
748,Aquinas Catholic High School,San Bernardino,Private
749,Arrowhead Christian Academy,Redlands,Private
750,Bloomington Christian School,Big Bear Lake,Private
751,Bloomington Christian School,Bloomington,Private
752,Crestline High School,Crestline,Private
753,Grace Chapel of the Desert School,Yucca Valley,Private
754,Loma Linda Academy,Loma Linda,Private
755,Mesa Grande Academy,Calimesa/Yucaipa,Private
756,Mojave Desert,Yucca Valley,Private
757,Riverside Prep,Oro Grande,Private
758,,Yucca Valley/29 Palms,Private
759,,Yucaipa/Calimesa,Private
760,Upland Christian Academy,Rancho Cucamonga,Private
761,Xavier College Preparatory High School,Palm Desert,Private
762,Warner High School,Warner Springs,Public schools
763,Borrego Springs High School,Borrego Springs,Public schools
764,Palm Canyon High School,Borrego Springs,Public schools
765,Carlsbad High School,Carlsbad,Public schools
766,Carlsbad Village Academy 10-12,Carlsbad,Public schools
767,Sage Creek High School,Carlsbad,Public schools
768,Coronado High School,Coronado,Public schools
769,Palm Academy for Learning,Coronado,Public schools
770,Diego Valley Charter High School,Escondido,Public schools
771,Center City High School,Escondido,Public schools
772,Escondido Charter High School,Escondido,Public schools
773,Escondido High School,Escondido,Public schools
774,Orange Glen High School,Escondido,Public schools
775,San Pasqual High School,Escondido,Public schools
776,Valley High School,Escondido,Public schools
777,Classical Academy High School,Escondido,Public schools
778,Del Lago Academy,Escondido,Public schools
779,Fallbrook Union High School,Fallbrook,Main article: Fallbrook Union High School
780,Ivy High School,Fallbrook,Main article: Fallbrook Union High School
781,Oasis High School,Fallbrook,Main article: Fallbrook Union High School
782,Diego Valley Charter High School,El Cajon,Main article: Fallbrook Union High School
783,Chaparral High School,El Cajon,Main article: Fallbrook Union High School
784,El Cajon Valley High School,El Cajon,Main article: Fallbrook Union High School
785,El Capitan High School,Lakeside,Main article: Fallbrook Union High School
786,Granite Hills High School,El Cajon,Main article: Fallbrook Union High School
787,Grossmont High School,La Mesa/El Cajon,Main article: Fallbrook Union High School
788,Grossmont Middle College High School,El Cajon,Main article: Fallbrook Union High School
789,Monte Vista High School,Spring Valley,Main article: Fallbrook Union High School
790,Mount Miguel High School,Spring Valley,Main article: Fallbrook Union High School
791,Santana High School,Santee,Main article: Fallbrook Union High School
792,Valhalla High School,El Cajon,Main article: Fallbrook Union High School
793,West Hills High School,Santee,Main article: Fallbrook Union High School
794,Julian High School,Julian,Main article: Fallbrook Union High School
795,Redding,Julian,Main article: Fallbrook Union High School
796,Summit High Community Day,Julian,Main article: Fallbrook Union High School
797,Mountain Empire High School,Pine Valley,Main article: Fallbrook Union High School
798,Diego Valley Charter High School,Oceanside,Main article: Fallbrook Union High School
799,El Camino High School,Oceanside,Main article: Fallbrook Union High School
800,Oceanside High School,Oceanside,Main article: Fallbrook Union High School
801,Oceanside School of Business and Technology,Oceanside,Main article: Fallbrook Union High School
802,Pacific View Charter School,Oceanside,Main article: Fallbrook Union High School
803,Abraxas High School,Poway,Main article: Fallbrook Union High School
804,Del Norte High School,San Diego,Main article: Fallbrook Union High School
805,Mount Carmel High School,San Diego,Main article: Fallbrook Union High School
806,Poway High School,Poway,Main article: Fallbrook Union High School
807,Rancho Bernardo High School,San Diego,Main article: Fallbrook Union High School
808,Westview High School,San Diego,Main article: Fallbrook Union High School
809,Montecito High School,Ramona,Main article: Fallbrook Union High School
810,Mountain Valley Academy High School,Ramona,Main article: Fallbrook Union High School
811,Ramona High School,Ramona,Main article: Fallbrook Union High School
812,Monarch School,San Diego,San Diego County Office of Education
813,Canyon Crest Academy,San Diego,San Diego County Office of Education
814,La Costa Canyon High School,Carlsbad,San Diego County Office of Education
815,North Coast High School,Encinitas,San Diego County Office of Education
816,San Dieguito Academy,Encinitas,San Diego County Office of Education
817,Sunset High School,Encinitas,San Diego County Office of Education
818,Torrey Pines High School,San Diego,San Diego County Office of Education
819,Bayshore Prep Charter School,San Marcos,San Diego County Office of Education
820,Foothills High,San Marcos,San Diego County Office of Education
821,Mission Hills High School,San Marcos,San Diego County Office of Education
822,San Marcos High School,San Marcos,San Diego County Office of Education
823,Twin Oaks High School,San Marcos,San Diego County Office of Education
824,Bonita Vista High School,Chula Vista,San Diego County Office of Education
825,Castle Park High School,Chula Vista,San Diego County Office of Education
826,Chula Vista High School,Chula Vista,San Diego County Office of Education
827,Eastlake High School,Chula Vista,San Diego County Office of Education
828,Hilltop High School,Chula Vista,San Diego County Office of Education
829,MAAC Community Charter School,Chula Vista,San Diego County Office of Education
830,Mar Vista High School,Imperial Beach,San Diego County Office of Education
831,Montgomery High School,San Diego,San Diego County Office of Education
832,Olympian High School,Chula Vista,San Diego County Office of Education
833,Options Secondary School,Chula Vista,San Diego County Office of Education
834,Otay Ranch High School,Chula Vista,San Diego County Office of Education
835,Palomar High School,Chula Vista,San Diego County Office of Education
836,San Ysidro High School,San Diego,San Diego County Office of Education
837,Southwest High School,San Diego,San Diego County Office of Education
838,Sweetwater High School,National City,San Diego County Office of Education
839,Oak Glen High School,Valley Center,East Hills Academy
840,Valley Center Adult Education,Valley Center,East Hills Academy
841,Valley Center High School,Valley Center,East Hills Academy
842,Valley Center Independent Study,Valley Center,East Hills Academy
843,Diego Valley Charter High School,Vista,East Hills Academy
844,Guajome Park Academy,Vista,East Hills Academy
845,Mission Vista High School,Oceanside,East Hills Academy
846,North County Trade Tech High School,Vista,East Hills Academy
847,Rancho Buena Vista High School,Vista,East Hills Academy
848,Vista High School,Vista,East Hills Academy
849,San Jose Valley Continuation High School,Warner Springs,East Hills Academy
850,Warner Middle / High School,Warner Springs,East Hills Academy
851,Ocean View Christian Academy,Spring Valley (independent charter high school,Baptist
852,Academy of Our Lady of Peace,Spring Valley (independent charter high school,Catholic
853,Saint Augustine High School,Spring Valley (independent charter high school,Catholic
854,Mater Dei Catholic High School,Spring Valley (independent charter high school,Catholic
855,Cathedral Catholic High School,Spring Valley (independent charter high school,Catholic
856,The Bishop's School,La Jolla,Episcopal
857,San Diego Jewish Academy,San Diego,Jewish
858,Southern California Yeshiva High School,San Diego,Jewish
859,Torah High Schools of San Diego,San Diego,Jewish
860,Victory Christian Academy,San Diego (formerly Lutheran High School of San Diego),Lutheran
861,Escondido Adventist Academy,Escondido,Seventh-Day Adventist
862,San Diego Academy,National City,Seventh-Day Adventist
863,Army and Navy Academy,Carlsbad,Non-Denominational
864,Maranatha Christian Schools,San Diego,Non-Denominational
865,Calvin Christian School,Escondido,Non-Denominational
866,Santa Fe Christian Schools,Solana Beach,Non-Denominational
867,Horizon Christian Academy,San Diego,Non-Denominational
868,Horizon Prep School,Rancho Santa Fe,Non-Denominational
869,The Child's Primary School,San Diego,Nonsectarian
870,Carlsbad Seaside Academy,Carlsbad,Nonsectarian
871,Carlsbad Village Academy,Carlsbad,Nonsectarian
872,Francis W. Parker School,San Diego,Nonsectarian
873,Fusion Academy,Del Mar,Nonsectarian
874,The Grauer School,Encinitas,Nonsectarian
875,Halstrom High School,Oceanside,Nonsectarian
876,Halstrom High School,San Diego,Nonsectarian
877,La Jolla Country Day School,La Jolla,Nonsectarian
878,Pacific Academy International,Encinitas,Nonsectarian
879,Pacific Ridge School,Carlsbad,Nonsectarian
880,San Diego French American School,La Jolla,Nonsectarian
881,The Waldorf School of San Diego High School,San Diego,Nonsectarian
882,Leeway Sudbury School,San Diego,Nonsectarian
883,High Bluff Academy,San Diego,Nonsectarian
884,Day-McKellar Prep K-High School,La Mesa. Closed as of December,Defunct schools
885,List of high schools in California,Spring Valley (independent charter high school,See also
886,List of school districts in California,Spring Valley (independent charter high school,See also
887,List of school districts in California by county,Spring Valley (independent charter high school,See also
888,List of school districts in San Diego County,California,See also
889,Primary and secondary schools in San Diego,California,See also
890,List of closed secondary schools in California,Spring Valley (independent charter high school,See also
891,San Diego County Office of Education,Spring Valley (independent charter high school,External links
892,San Diego County Schools,list of schools from SchoolTree.org,External links
893,Abraham Lincoln High School,Spring Valley (independent charter high school,Public
894,Academy of Arts & Sciences,Spring Valley (independent charter high school,Public
895,Balboa High School,Spring Valley (independent charter high school,Public
896,Downtown High School,Spring Valley (independent charter high school,Public
897,Galileo Academy of Science and Technology,Spring Valley (independent charter high school,Public
898,George Washington High School,Spring Valley (independent charter high school,Public
899,Ida B. Wells Continuation High School,Spring Valley (independent charter high school,Public
900,Independence High School,Spring Valley (independent charter high school,Public
901,International Studies Academy,Spring Valley (independent charter high school,Public
902,John A. O'Connell High School,Spring Valley (independent charter high school,Public
903,June Jordan School for Equity,Spring Valley (independent charter high school,Public
904,Lowell High School,Spring Valley (independent charter high school,Public
905,Mission High School,Spring Valley (independent charter high school,Public
906,Phillip & Sala Burton High School,Spring Valley (independent charter high school,Public
907,Raoul Wallenberg Traditional High School,Spring Valley (independent charter high school,Public
908,San Francisco Flex Academy,Spring Valley (independent charter high school,Public
909,San Francisco International High School,Spring Valley (independent charter high school,Public
910,School of the Arts,Spring Valley (independent charter high school,Public
911,Thurgood Marshall Academic High School,Spring Valley (independent charter high school,Public
912,City Arts & Technology,Spring Valley (independent charter high school,Public charter
913,Gateway High School,Spring Valley (independent charter high school,Public charter
914,KIPP San Francisco College Preparatory,Spring Valley (independent charter high school,Public charter
915,Leadership High School,Spring Valley (independent charter high school,Public charter
916,The Bay School of San Francisco,Spring Valley (independent charter high school,Private
917,Cornerstone Academy,Spring Valley (independent charter high school,Private
918,Drew School,Spring Valley (independent charter high school,Private
919,Fusion Academy,Spring Valley (independent charter high school,Private
920,Hillwood Academic Day School,Spring Valley (independent charter high school,Private
921,International High School of San Francisco,Spring Valley (independent charter high school,Private
922,Jewish Community High School of the Bay,Spring Valley (independent charter high school,Private
923,Lick-Wilmerding High School,Spring Valley (independent charter high school,Private
924,Lyce Franais La Prouse,Spring Valley (independent charter high school,Private
925,Proof School,Spring Valley (independent charter high school,Private
926,Saint John of San Francisco Orthodox Academy,Spring Valley (independent charter high school,Private
927,San Francisco Christian,Spring Valley (independent charter high school,Private
928,San Francisco University High School,Spring Valley (independent charter high school,Private
929,San Francisco Waldorf High School,Spring Valley (independent charter high school,Private
930,The Urban School of San Francisco,Spring Valley (independent charter high school,Private
931,Woodside International School,Spring Valley (independent charter high school,Private
932,Youth Chance High School,Spring Valley (independent charter high school,Private
933,Archbishop Riordan High School,Spring Valley (independent charter high school,Catholic
934,Convent of the Sacred Heart High School,Spring Valley (independent charter high school,Catholic
935,Immaculate Conception Academy,Spring Valley (independent charter high school,Catholic
936,Mercy High School,Spring Valley (independent charter high school,Catholic
937,Sacred Heart Cathedral Preparatory,Spring Valley (independent charter high school,Catholic
938,St. Ignatius College Preparatory,Spring Valley (independent charter high school,Catholic
939,Stuart Hall High School,Spring Valley (independent charter high school,Catholic
940,Escalon High School,Escalon,San Joaquin County
941,Mountain House High School,Mountain House,San Joaquin County
942,Lincoln High School,Stockton,San Joaquin County
943,Linden High School,Linden,San Joaquin County
944,Lodi Academy,Lodi,San Joaquin County
945,Bear Creek High School,Stockton,San Joaquin County
946,Lodi High School,Lodi,San Joaquin County
947,Middle College High School,Stockton,San Joaquin County
948,Ronald E. McNair High School,Stockton,San Joaquin County
949,Tokay High School,Lodi,San Joaquin County
950,Calla Alternative High School,Manteca,San Joaquin County
951,East Union High School,Manteca,San Joaquin County
952,Lathrop High School,Lathrop,San Joaquin County
953,Manteca Day School,Manteca,San Joaquin County
954,Manteca High School,Manteca,San Joaquin County
955,New Vision Alternative High School,Stockton,San Joaquin County
956,Sierra High School,Manteca,San Joaquin County
957,Weston Ranch High School,Stockton,San Joaquin County
958,Ripon High School,Ripon,San Joaquin County
959,St. Mary's High School,Stockton,San Joaquin County
960,Amos Alonzo Stagg High School,Stockton,San Joaquin County
961,Cesar Chavez High School,Stockton,San Joaquin County
962,Edison High School,Stockton,San Joaquin County
963,Franklin High School,Stockton,San Joaquin County
964,Stockton Collegiate International Schools,Stockton,San Joaquin County
965,Stockton Early College Academy,Stockton,San Joaquin County
966,John Kimball High School,Tracy,San Joaquin County
967,Tracy High School,Tracy,San Joaquin County
968,West High School,Tracy,San Joaquin County
969,Atascadero High School,Atascadero,San Luis Obispo County
970,Del Rio Continuation High School,Atascadero,San Luis Obispo County
971,California Youth Authority,Spring Valley (independent charter high school,San Luis Obispo County
972,Marie C. Romero High School,Paso Robles,San Luis Obispo County
973,Coast Union High School,Cambria,San Luis Obispo County
974,Leffingwell Continuation High School,Cambria,San Luis Obispo County
975,Arroyo Grande High School,Arroyo Grande,San Luis Obispo County
976,Lopez High School,Arroyo Grande,San Luis Obispo County
977,Nipomo High School,Nipomo,San Luis Obispo County
978,Central Coast New Tech High School,Nipomo,San Luis Obispo County
979,Liberty High School,Paso Robles,San Luis Obispo County
980,Paso Robles High School,Paso Robles,San Luis Obispo County
981,Morro Bay High School,Morro Bay,San Luis Obispo County
982,Pacific Beach High School,San Luis Obispo,San Luis Obispo County
983,San Luis Obispo High School,San Luis Obispo,San Luis Obispo County
984,Shandon High/Middle School,Shandon,San Luis Obispo County
985,Eagle Canyon High School,Templeton,San Luis Obispo County
986,Templeton High School,Templeton,San Luis Obispo County
987,Grizzly Challenge Charter School,San Luis Obispo,San Luis Obispo County
988,Mission College Preparatory,San Luis Obispo,San Luis Obispo County
989,North County Christian High School,Atascadero,San Luis Obispo County
990,San Luis Obispo Classical Academy,San Luis Obispo,San Luis Obispo County
991,Design Tech High School,[1] Redwood Shores,Public charter
992,Half Moon Bay High School,Half Moon Bay,Public
993,Jefferson High School,Daly City,Public
994,Oceana High School,Pacifica,Public
995,Terra Nova High School,Pacifica,Public
996,Westmoor High School,Daly City,Public
997,Ravenswood High School,East Palo Alto,Public
998,Urban Pioneer Experiential Academy,San Bruno,Public
999,Aragon High School,San Mateo,Public
1000,Burlingame High School,Burlingame,Public
1001,Capuchino High School,San Bruno,Public
1002,Hillsdale High School,San Mateo,Public
1003,Mills High School,Millbrae,Public
1004,San Mateo High School,San Mateo,Public
1005,Carlmont High School,Belmont,Public
1006,Everest Public High School,Redwood City,Public
1007,Menlo-Atherton High School,Atherton,Public
1008,Sequoia High School,Redwood City,Public
1009,Summit Preparatory Charter High School,Redwood City,Public
1010,Woodside High School,Woodside,Public
1011,Baden High School,South San Francisco,Public
1012,El Camino High School,South San Francisco,Public
1013,South San Francisco High School,South San Francisco,Public
1014,Aurora High School,Redwood City,Private
1015,Crystal Springs Uplands School,Hillsborough,Private
1016,East Palo Alto Phoenix Academy,East Palo Alto,Private
1017,Eastside College Preparatory School,East Palo Alto,Private
1018,German-American International School,Menlo Park,Private
1019,Junpero Serra High School,San Mateo,Private
1020,Menlo School,Atherton,Private
1021,Mercy High School,California),Private
1022,Mid-Peninsula High School,Menlo Park,Private
1023,Notre Dame High School,Belmont,Private
1024,The Nueva School,Hillsborough,Private
1025,Pacific Rim International School,San Mateo,Private
1026,Pescadero High School,Pescadero,Private
1027,Sacred Heart Prep,Atherton,Private
1028,Woodside Priory School,Portola Valley,Private
1029,The Anacapa School,Santa Barbara,Santa Barbara County
1030,Bishop Garcia Diego High School,Santa Barbara,Santa Barbara County
1031,Cabrillo High School,Lompoc,Santa Barbara County
1032,Carpinteria High School,Carpinteria,Santa Barbara County
1033,Cate School,Carpinteria,Santa Barbara County
1034,Cuyama Valley High School,New Cuyama,Santa Barbara County
1035,Dos Pueblos High School,Goleta,Santa Barbara County
1036,Ernest Righetti High School,Santa Maria,Santa Barbara County
1037,Foothill Alternative High School,Carpinteria[2],Santa Barbara County
1038,Laguna Blanca School,Santa Barbara,Santa Barbara County
1039,Lion of Judah Christian Academy,Orcutt,Santa Barbara County
1040,Lompoc High School,Lompoc,Santa Barbara County
1041,Los Angeles Catholic Archdiocese,Spring Valley (independent charter high school,Santa Barbara County
1042,Maple High School,Lompoc,Main article: List of schools in the Roman Catholic Archdiocese of Los Angeles
1043,Midland School,Los Olivos,Main article: List of schools in the Roman Catholic Archdiocese of Los Angeles
1044,Pioneer Valley High School,Santa Maria,Main article: List of schools in the Roman Catholic Archdiocese of Los Angeles
1045,Rincon Continuation High School,Carpinteria[2],Main article: List of schools in the Roman Catholic Archdiocese of Los Angeles
1046,St. Joseph High School,Santa Maria,Main article: List of schools in the Roman Catholic Archdiocese of Los Angeles
1047,San Marcos High School,Santa Barbara,Main article: List of schools in the Roman Catholic Archdiocese of Los Angeles
1048,Santa Barbara High School,Santa Barbara,Main article: List of schools in the Roman Catholic Archdiocese of Los Angeles
1049,Santa Barbara Middle School,Spring Valley (independent charter high school,Main article: List of schools in the Roman Catholic Archdiocese of Los Angeles
1050,Santa Maria High School,Santa Maria,Main article: List of schools in the Roman Catholic Archdiocese of Los Angeles
1051,Santa Ynez Valley Union High School,Santa Ynez,Main article: List of schools in the Roman Catholic Archdiocese of Los Angeles
1052,Valley Christian Academy,Santa Maria,Main article: List of schools in the Roman Catholic Archdiocese of Los Angeles
1053,Boynton High School,San Jose,Santa Clara County
1054,Branham High School,San Jose,Santa Clara County
1055,Del Mar High School,San Jose,Santa Clara County
1056,Leigh High School,San Jose,Santa Clara County
1057,Prospect High School,Saratoga,Santa Clara County
1058,Stellar Learning Academy,Campbell,Santa Clara County
1059,Westmont High School,Campbell,Santa Clara County
1060,Andrew P. Hill High School,San Jose,Santa Clara County
1061,East Side Cadet Academy,San Jose,Santa Clara County
1062,Evergreen Valley High School,San Jose,Santa Clara County
1063,Independence High School,San Jose,Santa Clara County
1064,James Lick High School,San Jose,Santa Clara County
1065,MACSA Academia Calmecac School,San Jose,Santa Clara County
1066,Mount Pleasant High School,San Jose,Santa Clara County
1067,Oak Grove High School,San Jose,Santa Clara County
1068,Piedmont Hills High School,San Jose,Santa Clara County
1069,San Jose Conservation Corps Charter School,San Jose,Santa Clara County
1070,Santa Teresa High School,San Jose,Santa Clara County
1071,Silver Creek High School,San Jose,Santa Clara County
1072,William C. Overfelt High School,San Jose,Santa Clara County
1073,Yerba Buena High School,San Jose,Santa Clara County
1074,Cupertino High School,Cupertino,Santa Clara County
1075,Fremont High School,Sunnyvale,Santa Clara County
1076,Homestead High School,Cupertino,Santa Clara County
1077,Lynbrook High School,San Jose,Santa Clara County
1078,Monta Vista High School,Cupertino,Santa Clara County
1079,Christopher High School,Gilroy,Santa Clara County
1080,Dr. TJ Owens Gilroy Early College Academy,Gilroy,Santa Clara County
1081,Gilroy High School,Gilroy,Santa Clara County
1082,MACSA Elementary Portal Leadership Academy,San Jose,Santa Clara County
1083,Los Gatos High School,Los Gatos,Santa Clara County
1084,Saratoga High School,Saratoga,Santa Clara County
1085,Milpitas High School,Milpitas,Santa Clara County
1086,Ann Sobrato High School,Morgan Hill,Santa Clara County
1087,Live Oak High School,Morgan Hill,Santa Clara County
1088,Los Altos High School,Los Altos,Santa Clara County
1089,Mountain View High School,Mountain View,Santa Clara County
1090,Silicon Valley Essential High School,Los Altos,Santa Clara County
1091,Gunn High School,Palo Alto,Santa Clara County
1092,Palo Alto High School,Palo Alto,Santa Clara County
1093,Roman Catholic Diocese of San Jose,Spring Valley (independent charter high school,Santa Clara County
1094,Archbishop Mitty High School,San Jose,Santa Clara County
1095,Bellarmine College Preparatory,San Jose,Santa Clara County
1096,Notre Dame High School,San Jose,Santa Clara County
1097,Presentation High School,San Jose,Santa Clara County
1098,Saint Francis High School,Mountain View,Santa Clara County
1099,Abraham Lincoln High School,San Jose,Santa Clara County
1100,Downtown College Prep,San Jose,Santa Clara County
1101,Gunderson High School,San Jose,Santa Clara County
1102,Leland High School,San Jose,Santa Clara County
1103,Middle College High,San Jose,Santa Clara County
1104,Pioneer High School,San Jose,Santa Clara County
1105,San Jose High Academy,San Jose,Santa Clara County
1106,Willow Glen High School,San Jose,Santa Clara County
1107,Adrian C. Wilcox High School,Santa Clara,Santa Clara County
1108,Santa Clara High School,Santa Clara,Santa Clara County
1109,Beacon School,San Jose,Santa Clara County
1110,Cambrian Academy,San Jose,Santa Clara County
1111,Castilleja School,Palo Alto,Santa Clara County
1112,Communitas Charter High School,San Jose,Santa Clara County
1113,The Harker School,San Jose,Santa Clara County
1114,Kehillah Jewish High School,Palo Alto,Santa Clara County
1115,The King's Academy,[3] Sunnyvale,Santa Clara County
1116,Liberty Baptist School,San Jose,Santa Clara County
1117,Mountain View Academy,Mountain View,Santa Clara County
1118,Oakwood High School,Morgan Hill,Santa Clara County
1119,Our Shepherd's Academy,San Jose,Santa Clara County
1120,Palo Alto Preparatory School,Palo Alto,Santa Clara County
1121,Pine Hill School,San Jose,Santa Clara County
1122,Pinewood School,Los Altos Hills,Santa Clara County
1123,Thomas More School,San Jose,Santa Clara County
1124,University Preparatory Academy,San Jose,Santa Clara County
1125,Valley Christian High School,San Jose,Santa Clara County
1126,White Road Baptist Academy,San Jose,Santa Clara County
1127,Aptos High School,Aptos,Santa Cruz County
1128,Costanoa Continuation High School,Santa Cruz,Santa Cruz County
1129,Cypress Charter High School,Live Oak,Santa Cruz County
1130,Delta Charter School,Santa Cruz,Santa Cruz County
1131,Georgiana Bruce Kirby Preparatory School,Santa Cruz,Santa Cruz County
1132,Harbor High School,Santa Cruz,Santa Cruz County
1133,MCP Middle and High School,Santa Cruz,Santa Cruz County
1134,Monte Vista Christian School,Watsonville,Santa Cruz County
1135,Monterey Bay Academy,Watsonville,Santa Cruz County
1136,Pacific Collegiate School,Santa Cruz,Santa Cruz County
1137,Pajaro Valley High School,Watsonville,Santa Cruz County
1138,Saint Francis Central Coast Catholic High School,Watsonville,Santa Cruz County
1139,San Lorenzo Valley High School,Felton,Santa Cruz County
1140,Santa Cruz High School,Santa Cruz,Santa Cruz County
1141,Santa Cruz Waldorf High School,Santa Cruz,Santa Cruz County
1142,Scotts Valley High School,Scotts Valley,Santa Cruz County
1143,Soquel High School,Soquel,Santa Cruz County
1144,Watsonville High School,Watsonville,Santa Cruz County
1145,Anderson New Technology High School,Anderson,Shasta County
1146,Anderson Union High School,Anderson,Shasta County
1147,Bishop Quinn High School,Palo Cedro,Shasta County
1148,Burney High School,Burney,Shasta County
1149,Central Valley High School,Shasta Lake,Shasta County
1150,Enterprise High School,Redding,Shasta County
1151,Fall River High School,McArthur,Shasta County
1152,Foothill High School,Palo Cedro,Shasta County
1153,Liberty Christian High School,Redding,Shasta County
1154,Nawa Academy,French Gulch,Shasta County
1155,Redding Christian High School,Redding,Shasta County
1156,Shasta High School,Redding,Shasta County
1157,Stellar Charter School,Redding,Shasta County
1158,University Preparatory School,Redding,Shasta County
1159,West Valley High School,Cottonwood,Shasta County
1160,Downieville School,Downieville,Sierra County
1161,Loyalton High School,Loyalton,Sierra County
1162,Pliocene Ridge Junior-Senior High School,North San Juan,Sierra County
1163,Butte Valley High School,Dorris,Siskiyou County
1164,Cascade High School,Dorris,Siskiyou County
1165,Dunsmuir High School,Dunsmuir,Siskiyou County
1166,Etna High School,Etna,Siskiyou County
1167,Scott River High School,Etna,Siskiyou County
1168,Golden Eagle Charter School,Mount Shasta,Siskiyou County
1169,Happy Camp High School,Happy Camp,Siskiyou County
1170,Jefferson High School,Mount Shasta,Siskiyou County
1171,McButt High School,McButt,Siskiyou County
1172,Mount Shasta High School,Mount Shasta,Siskiyou County
1173,Weed High School,Weed,Siskiyou County
1174,Tulelake Continuation High School,Tulelake,Siskiyou County
1175,Tulelake High School,Tulelake,Siskiyou County
1176,Discovery High School,Yreka,Siskiyou County
1177,Yreka High School,Yreka,Siskiyou County
1178,Benicia High School,Benicia,Solano County
1179,Buckingham Charter Magnet High School,Vacaville,Solano County
1180,Dixon High School,Dixon,Solano County
1181,Angelo Rodriguez High School,Fairfield,Solano County
1182,Armijo High School,Fairfield,Solano County
1183,Fairfield High School,Fairfield,Solano County
1184,Sem Yeto High School,Fairfield,Solano County
1185,Hogan High School,Vallejo,Solano County
1186,Jesse M. Bethel High School,Vallejo,Solano County
1187,Mare Island Technology Academy,Vallejo,Solano County
1188,Mary Bird School,Fairfield,Solano County
1189,Rio Vista High School,Rio Vista,Solano County
1190,St. Patrick-St. Vincent High School,Vallejo,Solano County
1191,Vacaville Christian High School,Vacaville,Solano County
1192,Vacaville High School,Vacaville,Solano County
1193,Vallejo High School,Vallejo,Solano County
1194,Vanden High School,Fairfield,Solano County
1195,Will C. Wood High School,Vacaville,Solano County
1196,Analy High School,Sebastopol,Sonoma County
1197,Cardinal Newman High School,Santa Rosa,Sonoma County
1198,Casa Grande High School,Petaluma,Sonoma County
1199,Cloverdale High School,Cloverdale,Sonoma County
1200,El Camino High School,Rohnert Park,Sonoma County
1201,El Molino High School,Forestville,Sonoma County
1202,Elsie Allen High School,Santa Rosa,Sonoma County
1203,Geyserville Educational Park High School,Geyserville,Sonoma County
1204,Healdsburg High School,Healdsburg,Sonoma County
1205,Journey High School,Sebastopol,Sonoma County
1206,Maria Carrillo High School,Santa Rosa,Sonoma County
1207,Montgomery High School,Santa Rosa,Sonoma County
1208,Nonesuch High School,Sebastopol,Sonoma County
1209,Petaluma High School,Petaluma,Sonoma County
1210,Piner High School,Santa Rosa,Sonoma County
1211,Rancho Cotate High School,Rohnert Park,Sonoma County
1212,Rincon Valley Christian School,Santa Rosa,Sonoma County
1213,Rio Lindo Adventist Academy,Healdsburg,Sonoma County
1214,Roseland University Prep,Santa Rosa,Sonoma County
1215,Russian River Charter School,Forestville,Sonoma County
1216,St. Vincent de Paul High School,Petaluma,Sonoma County
1217,Santa Rosa High School,Santa Rosa,Sonoma County
1218,Sonoma Academy,Santa Rosa,Sonoma County
1219,Sonoma Mountain High School,Petaluma,Sonoma County
1220,Sonoma Valley High School,Sonoma,Sonoma County
1221,Summerfield Waldorf High School[4] Santa Rosa,Fairfield,Sonoma County
1222,Technology High School,Rohnert Park,Sonoma County
1223,Ursuline High School,Santa Rosa,Sonoma County
1224,Windsor High School,Windsor,Sonoma County
1225,Windsor Oaks Academy,Windsor,Sonoma County
1226,Big Valley Grace Christian High School,Modesto,Stanislaus County
1227,Brethren Heritage School,Modesto,Stanislaus County
1228,Central Catholic High School,Modesto,Stanislaus County
1229,Central Valley High School,Ceres,Stanislaus County
1230,Ceres High School,Ceres,Stanislaus County
1231,Community Middle College,Modesto,Stanislaus County
1232,Denair High School,Denair,Stanislaus County
1233,Fred C. Beyer High School,Modesto,Stanislaus County
1234,Grace M. Davis High School,Modesto,Stanislaus County
1235,Hughson Union High School,Hughson,Stanislaus County
1236,James C. Enochs High School,Modesto,Stanislaus County
1237,John H. Pitman High School,Turlock,Stanislaus County
1238,Joseph Gregori High School,Modesto,Stanislaus County
1239,Keyes to Learning Charter School,Keyes,Stanislaus County
1240,Modesto Christian High School,Modesto,Stanislaus County
1241,Modesto High School,Modesto,Stanislaus County
1242,Oakdale High School,Oakdale,Stanislaus County
1243,Orestimba High School,Newman,Stanislaus County
1244,Patterson High School,Patterson,Stanislaus County
1245,Peter Johansen High School,Modesto,Stanislaus County
1246,Riverbank High School,Riverbank,Stanislaus County
1247,Thomas Downey High School,Modesto,Stanislaus County
1248,Turlock Christian High School,Turlock,Stanislaus County
1249,Turlock High School,Turlock,Stanislaus County
1250,Valley Business High School,Modesto,Stanislaus County
1251,Waterford High School,Waterford,Stanislaus County
1252,East Nicolaus High School,Nicolaus,Sutter County
1253,Faith Christian Junior-Senior High School,Yuba City,Sutter County
1254,Live Oak High School,Live Oak,Sutter County
1255,River Valley High School,Yuba City,Sutter County
1256,Sutter Union High School,Sutter,Sutter County
1257,Yuba City High School,Yuba City,Sutter County
1258,Corning High School,Corning,Tehama County
1259,Los Molinos High School,Los Molinos,Tehama County
1260,Mercy High School,Red Bluff,Tehama County
1261,Red Bluff High School,Red Bluff,Tehama County
1262,Hayfork High School,Hayfork,Trinity County
1263,Southern Trinity High School,Mad River (address in Bridgeville in Humboldt County),Trinity County
1264,Trinity High School,Weaverville,Trinity County
1265,Burton Pathways Charter High School,Porterville,Tulare County
1266,Butterfield Charter High School,Porterville,Tulare County
1267,Central Valley Christian High School,Visalia,Tulare County
1268,Citrus High School,Porterville,Tulare County
1269,Crescent Valley Public Charter,Tulare,Tulare County
1270,Crescent Valley Public Charter,Visalia,Tulare County
1271,Dinuba High School,Dinuba,Tulare County
1272,El Diamante High School,Visalia,Tulare County
1273,Exeter High School,Exeter,Tulare County
1274,Farmersville High School,Farmersville,Tulare County
1275,Golden West High School,Visalia,Tulare County
1276,Granite Hills High School,Porterville,Tulare County
1277,Harmony Magnet Academy High School,Porterville,Tulare County
1278,La Sierra High School,Visalia,Tulare County
1279,Lindsay High School,Lindsay,Tulare County
1280,Mission Oak High School,Tulare,Tulare County
1281,Monache High School,Porterville,Tulare County
1282,Mount Whitney High School,Visalia,Tulare County
1283,Orosi High School,Orosi,Tulare County
1284,Porterville High School,Porterville,Tulare County
1285,Prospect Education Center,Porterville,Tulare County
1286,Redwood High School,Visalia,Tulare County
1287,Sequoia High School,Visalia,Tulare County
1288,Strathmore High School,Porterville,Tulare County
1289,Summit Charter Collegiate High School,Porterville,Tulare County
1290,Tulare Union High School,Tulare,Tulare County
1291,Tulare Western High School,Tulare,Tulare County
1292,University Preparatory High School,Visalia,Tulare County
1293,Vine Street Community School,Porterville,Tulare County
1294,Woodlake High School,Woodlake,Tulare County
1295,Cold Springs High School,Tuolumne,Tuolumne County
1296,Mountain High School,Pinecrest,Tuolumne County
1297,Sonora High School,Sonora,Tuolumne County
1298,Southfork High School,Tuolumne,Tuolumne County
1299,Summerville Union High School,Tuolumne,Tuolumne County
1300,Tioga High School,Groveland,Tuolumne County
1301,Besant Hill School,Ojai,Ventura County
1302,Buena High School,Ventura,Ventura County
1303,Cornerstone Christian School,Camarillo,Ventura County
1304,El Camino High School,Ventura,Ventura County
1305,Fillmore High School,Fillmore,Ventura County
1306,Foothill Technology High School,Ventura,Ventura County
1307,Grace Brethren High School Simi Valley,Fairfield,Ventura County
1308,La Reina High School,Thousand Oaks,Ventura County
1309,Los Angeles Catholic Archdiocese,Fairfield,Ventura County
1310,Mary B. Perry High School,Camarillo,Main article: List of schools in the Roman Catholic Archdiocese of Los Angeles
1311,Moorpark High School,Moorpark,Main article: List of schools in the Roman Catholic Archdiocese of Los Angeles
1312,Newbury Park Adventist Academy,Newbury Park,Main article: List of schools in the Roman Catholic Archdiocese of Los Angeles
1313,Newbury Park High School,Newbury Park,Main article: List of schools in the Roman Catholic Archdiocese of Los Angeles
1314,Nordhoff High School,Ojai,Main article: List of schools in the Roman Catholic Archdiocese of Los Angeles
1315,Oak Park High School,Oak Park,Main article: List of schools in the Roman Catholic Archdiocese of Los Angeles
1316,Adolfo Camarillo High School,Camarillo,Main article: List of schools in the Roman Catholic Archdiocese of Los Angeles
1317,Channel Islands High School,Oxnard,Main article: List of schools in the Roman Catholic Archdiocese of Los Angeles
1318,Hueneme High School,Oxnard,Main article: List of schools in the Roman Catholic Archdiocese of Los Angeles
1319,Oxnard High School,Oxnard,Main article: List of schools in the Roman Catholic Archdiocese of Los Angeles
1320,Pacifica High School,Oxnard,Main article: List of schools in the Roman Catholic Archdiocese of Los Angeles
1321,Rio Mesa High School,Oxnard,Main article: List of schools in the Roman Catholic Archdiocese of Los Angeles
1322,Royal High School,Simi Valley,Main article: List of schools in the Roman Catholic Archdiocese of Los Angeles
1323,St. Bonaventure High School,Ventura,Main article: List of schools in the Roman Catholic Archdiocese of Los Angeles
1324,Santa Clara High School,Oxnard,Main article: List of schools in the Roman Catholic Archdiocese of Los Angeles
1325,Santa Paula High School,Santa Paula,Main article: List of schools in the Roman Catholic Archdiocese of Los Angeles
1326,Santa Susana High School,Simi Valley,Main article: List of schools in the Roman Catholic Archdiocese of Los Angeles
1327,Simi Valley High School,Simi Valley,Main article: List of schools in the Roman Catholic Archdiocese of Los Angeles
1328,The Thacher School,Ojai,Main article: List of schools in the Roman Catholic Archdiocese of Los Angeles
1329,Thousand Oaks High School,Thousand Oaks,Main article: List of schools in the Roman Catholic Archdiocese of Los Angeles
1330,Ventura County Christian School,Ventura [5],Main article: List of schools in the Roman Catholic Archdiocese of Los Angeles
1331,Ventura High School,Ventura,Main article: List of schools in the Roman Catholic Archdiocese of Los Angeles
1332,Villanova Preparatory School,Ojai,Main article: List of schools in the Roman Catholic Archdiocese of Los Angeles
1333,Vista Real Charter High School,Oxnard,Main article: List of schools in the Roman Catholic Archdiocese of Los Angeles
1334,Vista Real Charter High School,Santa Paula,Main article: List of schools in the Roman Catholic Archdiocese of Los Angeles
1335,Vista Real Charter High School,Simi Valley,Main article: List of schools in the Roman Catholic Archdiocese of Los Angeles
1336,Vista Real Charter High School,Ventura,Main article: List of schools in the Roman Catholic Archdiocese of Los Angeles
1337,Weil Tennis Academy & College Prep School,Ojai,Main article: List of schools in the Roman Catholic Archdiocese of Los Angeles
1338,Westlake High School,Westlake Village,Main article: List of schools in the Roman Catholic Archdiocese of Los Angeles
1339,Cache Creek High School,Yolo,Yolo County
1340,Davis Senior High School,Davis,Yolo County
1341,Delta High School,Clarksburg,Yolo County
1342,Esparto High School,Esparto,Yolo County
1343,Leonardo da Vinci High School,Davis,Yolo County
1344,Martin Luther King High,Davis,Yolo County
1345,Pioneer High School,Woodland,Yolo County
1346,River City High School,West Sacramento,Yolo County
1347,Winters High School,Winters,Yolo County
1348,Woodland High School,Woodland,Yolo County
1349,Lindhurst High School,Olivehurst,Yuba County
1350,Marysville Charter Academy for the Arts,Marysville,Yuba County
1351,Marysville High School,Marysville,Yuba County
1352,New Life Christian School,Linda,Yuba County
1353,Wheatland High School,Wheatland,Yuba County
